Wall time,Step,Value
1618412430.4459298,5,34860.0
1618412531.86005,15,34609.0
1618412567.67827,18,34511.0
1618412631.160813,24,34240.0
1618412799.949091,40,33847.0
1618412819.9115937,42,33773.0
1618412840.9499693,44,33651.0
1618412853.6658726,45,33768.0
1618412877.1478426,47,33437.0
1618412940.293708,53,33274.0
1618412948.9262815,54,33273.0
1618412968.3550758,56,33060.0
1618413065.9865334,65,32575.0
1618413128.456454,71,32268.0
1618413139.3360267,72,32447.0
1618413149.378664,73,32249.0
1618413157.0199943,74,32134.0
1618413213.4983785,79,31902.0
1618413300.8820121,87,31280.0
1618413373.5028436,94,31520.0
1618413458.8894603,102,31724.0
1618413488.311262,105,31220.0
1618413498.7941666,106,32252.0
1618413576.135126,113,32974.0
1618413632.7425823,118,32006.0
1618413715.8163455,126,33112.0
1618413752.056102,129,32139.0
1618413760.0542758,130,32735.0
1618413852.6594057,139,31982.0
1618413876.7015052,141,31361.0
1618413886.4246776,142,31591.0
1618413969.4575622,150,31536.0
1618414023.4180555,155,32485.0
1618414052.6939096,158,32368.0
1618414149.2294512,167,31728.0
1618414156.907294,168,31582.0
1618414250.6320455,177,31383.0
1618414264.4202428,178,32820.0
1618414314.9262471,183,29573.0
1618414338.9856462,185,31082.0
1618414346.3519416,186,31365.0
1618414395.1048687,190,32628.0
1618414473.5933576,198,31756.0
1618414563.2252867,206,30407.0
1618414576.4288604,207,32850.0
1618414584.625043,208,30677.0
1618414623.2117653,212,29572.0
1618414738.9949343,223,29664.0
1618414799.3899305,229,28445.0
1618414859.64533,234,31364.0
1618414901.898413,237,29606.0
1618415056.118426,249,30886.0
1618415099.8234138,255,29230.0
1618415134.8636656,260,31216.0
1618415156.0257726,263,27403.0
1618415184.2197733,267,28185.0
1618415212.4015298,271,30051.0
1618415226.484945,273,27402.0
1618415360.50353,292,28388.0
1618415395.7228026,297,31814.0
1618415402.7673209,298,32228.0
1618415438.0201633,303,29872.0
1618415466.2147841,307,28716.0
1618415473.2439766,308,26637.0
1618415487.217028,310,26271.0
1618415543.6655772,318,28016.0
1618415551.2069983,319,27433.0
1618415593.4207282,325,30280.0
1618415600.452079,326,30711.0
1618415607.5226166,327,29390.0
1618415628.6307602,330,28015.0
1618415718.792831,339,28863.0
1618415813.2316134,347,26982.0
1618415993.1986823,363,29161.0
1618416039.9993358,367,28235.0
1618416106.8641257,373,28404.0
1618416149.9681215,377,26868.0
1618416173.2917986,379,27334.0
1618416313.1160328,391,26354.0
1618416324.722193,392,29547.0
1618416502.8597262,408,26154.0
1618416647.6114876,421,27257.0
1618416659.4602435,422,26344.0
1618416682.5824575,424,24870.0
1618416752.7853446,430,29324.0
1618416851.398089,439,28997.0
1618416873.0872688,441,26471.0
1618416884.7537029,442,26124.0
1618416919.6299603,445,28006.0
1618416989.331894,451,24790.0
1618417089.8044605,460,25807.0
1618417121.3588405,463,25818.0
1618417132.8437824,464,25390.0
1618417237.6368804,473,25185.0
1618417249.2588124,474,23264.0
1618417416.7192345,489,24464.0
1618417440.1236923,491,25364.0
1618417463.4850986,493,23760.0
1618417619.2022629,507,28403.0
1618417677.314478,512,23644.0
1618417700.5818343,514,26246.0
1618417735.7117875,517,28793.0
1618417825.015403,525,24946.0
1618417892.1986005,531,24152.0
1618417915.4634938,533,29414.0
1618417950.7657864,536,26985.0
1618418020.7619045,542,25897.0
1618418074.3397653,547,26675.0
1618418188.9521077,557,25798.0
1618418211.9314547,559,31249.0
1618418258.409021,563,26308.0
1618418321.6817424,569,24142.0
1618418366.8242943,573,22962.0
1618418378.394721,574,22316.0
1618418436.283097,579,29913.0
1618418459.3352454,581,26065.0
1618418470.8287773,582,25252.0
1618418493.8772035,584,23866.0
1618418517.14177,586,24090.0
1618418528.7450984,587,23478.0
1618418579.6461031,592,26814.0
1618418590.9052622,593,24255.0
1618418695.9133902,602,23841.0
1618418765.9841225,608,24413.0
1618418788.5252361,610,22753.0
1618418840.673177,615,24112.0
1618418898.385644,620,25334.0
1618418921.669087,622,23159.0
1618419055.3316429,634,22320.0
1618419135.446051,641,21612.0
1618419147.0686274,642,21242.0
1618419170.135545,644,23699.0
1618419181.7338111,645,22520.0
1618419193.3159523,646,24832.0
1618419204.9838367,647,23025.0
1618419228.5955298,649,21618.0
1618419263.4751425,652,23719.0
1618419304.0324643,656,24720.0
1618419361.236414,661,21572.0
1618419396.197737,664,25938.0
1618419442.2644668,668,21041.0
1618419477.079771,671,23058.0
1618419488.701419,672,21597.0
1618419512.034497,674,22166.0
1618419522.8491757,675,21911.0
1618419552.104625,678,21919.0
1618419562.930519,679,21389.0
1618419597.7157829,682,21819.0
1618419609.309656,683,21568.0
1618419667.8458116,688,22185.0
1618419679.4013176,689,26807.0
1618419760.9485965,696,25922.0
1618419789.6889465,699,23014.0
1618419835.4329853,703,28917.0
1618419870.4721532,706,28767.0
1618419893.895352,708,26748.0
1618419917.1403615,710,28559.0
1618419963.6317272,714,22972.0
1618420009.706731,718,21544.0
1618420038.4239423,721,31126.0
1618420049.2311602,722,29222.0
1618420060.8828797,723,27654.0
1618420142.1301992,730,25082.0
1618420211.7162623,736,29820.0
1618420235.1626172,738,26792.0
1618420246.9682348,739,25426.0
1618420286.908436,743,22650.0
1618420332.3550816,747,25638.0
1618420367.125446,750,24549.0
1618420378.7839258,751,23463.0
1618420390.4534557,752,22887.0
1618420413.5877295,754,21577.0
1618420436.7968178,756,21232.0
1618420534.6052341,765,22190.0
1618420545.7624025,766,21911.0
1618420580.4561605,769,20934.0
1618420592.0477731,770,20785.0
1618420603.6295838,771,20055.0
1618420626.9033077,773,20165.0
1618420638.5797703,774,27008.0
1618420708.3611608,780,22184.0
1618420752.620183,784,21955.0
1618420762.0557218,785,21199.0
1618420782.6994185,787,23261.0
1618420805.9115498,789,20858.0
1618420840.9538398,792,23176.0
1618420852.6719143,793,22066.0
1618420864.2712994,794,21768.0
1618420875.753269,795,20903.0
1618420910.526503,798,20094.0
1618420957.099997,802,25033.0
1618421010.3413563,807,22045.0
1618421021.0629382,808,22354.0
1618421032.0571573,809,22493.0
1618421101.5694523,815,25496.0
1618421171.1612546,821,24494.0
1618421217.4032779,825,21425.0
1618421248.0360153,828,22844.0
1618421290.8326588,832,30143.0
1618421337.282189,836,24868.0
1618421360.6698403,838,22948.0
1618421419.149028,843,21752.0
1618421453.8665981,846,20623.0
1618421693.1077502,867,21830.0
1618421716.2666378,869,27152.0
1618421726.5203753,870,25773.0
1618421767.4144564,874,22180.0
1618421790.897262,876,21475.0
1618421837.5860841,880,23651.0
1618421860.5000825,882,22325.0
1618421953.538935,890,20812.0
1618422016.290903,896,23468.0
1618422062.976904,900,20952.0
1618422144.572758,907,23004.0
1618422156.177096,908,22334.0
1618422167.9272683,909,22043.0
1618422179.637586,910,21501.0
1618422232.8046396,915,24549.0
1618422254.1286924,917,23014.0
1618422289.0836961,920,21735.0
1618422300.7020366,921,21057.0
1618422324.2090878,923,23354.0
1618422417.7937615,931,19607.0
1618422429.6405737,932,19476.0
1618422462.3422809,935,25152.0
1618422538.8432157,942,21911.0
1618422573.4424636,945,21481.0
1618422678.0478578,954,21929.0
1618422700.8511388,956,21326.0
1618422710.3602688,957,27940.0
1618422720.0348375,958,25265.0
1618422752.4879594,961,22066.0
1618422764.1261132,962,28018.0
1618422810.415522,966,22841.0
1618422868.6610413,971,20298.0
1618422880.3826513,972,19820.0
1618422927.1435773,976,19624.0
1618422938.5715501,977,19266.0
1618422948.723744,978,19080.0
1618422958.174738,979,18919.0
1618423001.3324933,983,23762.0
1618423013.0652418,984,28912.0
1618423047.990476,987,23404.0
1618423059.6408007,988,22457.0
1618423153.0069654,996,22337.0
1618423197.503006,1000,19977.0
1618423217.0254679,1002,19470.0
1618423239.9588306,1004,19194.0
1618423251.6689787,1005,18841.0
1618423334.6279378,1012,19785.0
1618423346.7536147,1013,19637.0
1618423358.5704167,1014,18898.0
1618423394.1577775,1017,26392.0
1618423484.6929564,1025,19655.0
1618423508.0464659,1027,19345.0
1618423554.5331259,1031,25424.0
1618423566.0235004,1032,24108.0
1618423601.0539165,1035,22076.0
1618423624.7432973,1037,20568.0
1618423703.6499317,1044,20741.0
1618423835.5998807,1055,21275.0
1618423858.7965221,1057,19993.0
1618423929.1839125,1063,21739.0
1618423940.8367553,1064,20572.0
1618423961.6598973,1066,19759.0
1618423987.1162903,1068,19386.0
1618424034.2010674,1072,28608.0
1618424081.4525273,1076,23154.0
1618424105.572822,1078,22013.0
1618424164.138877,1083,19784.0
1618424175.63823,1084,24148.0
1618424186.6617882,1085,22725.0
1618424282.1237187,1093,19833.0
1618424352.140976,1099,18582.0
1618424398.7451785,1103,23496.0
1618424410.218571,1104,21527.0
1618424422.0323288,1105,21460.0
1618424526.9610996,1114,19506.0
1618424550.300945,1116,18578.0
1618424585.9110641,1119,29507.0
1618424656.0085316,1125,23838.0
1618424667.44685,1126,23060.0
1618424747.3724551,1133,24129.0
1618424770.7926424,1135,22248.0
1618424998.5238047,1155,19509.0
1618425010.201053,1156,19222.0
1618425056.7362795,1160,18697.0
1618425068.4719567,1161,20941.0
1618425079.9658222,1162,19943.0
1618425283.7321715,1180,19561.0
1618425319.0243006,1183,22040.0
1618425343.004629,1185,20472.0
1618425424.5810902,1192,18445.0
1618425435.841027,1193,18566.0
1618425501.385245,1199,17818.0
1618425525.0870996,1201,22207.0
1618425583.1514602,1206,19178.0
1618425606.222804,1208,18571.0
1618425629.9312294,1210,18506.0
1618425676.0136778,1214,17908.0
1618425785.228565,1224,22434.0
1618425877.9429624,1232,19035.0
1618425889.317239,1233,24368.0
1618425901.0658696,1234,23005.0
1618425924.5438104,1236,26287.0
1618425953.3212862,1239,23373.0
1618426010.666977,1244,20752.0
1618426045.7156198,1247,19760.0
1618426116.273591,1253,25207.0
1618426139.4937654,1255,23597.0
1618426162.9852006,1257,22653.0
1618426174.6559422,1258,21804.0
1618426205.1742177,1261,20477.0
1618426228.4475796,1263,20221.0
1618426263.4610443,1266,20868.0
1618426357.129518,1274,21117.0
1618426439.5184991,1281,18601.0
1618426510.7167103,1287,17895.0
1618426558.5454314,1291,17932.0
1618426570.1015651,1292,17870.0
1618426582.262351,1293,18037.0
1618426594.309441,1294,17585.0
1618426664.567821,1300,26112.0
1618426697.1517475,1303,23014.0
1618426779.465828,1310,19099.0
1618426802.6903458,1312,19109.0
1618426837.5909479,1315,22217.0
1618426849.6968436,1316,21246.0
1618426884.3432505,1319,19702.0
1618426953.8429112,1325,18216.0
1618426977.4860005,1327,18110.0
1618427012.0982678,1330,17675.0
1618427048.1017718,1333,17678.0
1618427059.7815216,1334,17500.0
1618427083.1277864,1336,17220.0
1618427094.5712621,1337,17221.0
1618427165.1218874,1343,17166.0
1618427299.6750445,1355,19292.0
1618427428.1874826,1366,17142.0
1618427472.3148232,1370,17299.0
1618427576.3741748,1379,21529.0
1618427634.93286,1384,19546.0
1618427646.7978568,1385,19075.0
1618427681.7776608,1388,18375.0
1618427692.701995,1389,18446.0
1618427714.084908,1391,18100.0
1618427725.5483208,1392,17846.0
1618427760.7987595,1395,17649.0
1618427955.7279582,1412,19228.0
1618427966.6625648,1413,19322.0
1618427978.012471,1414,18986.0
1618428015.2488418,1419,18072.0
1618428036.8610044,1422,17853.0
1618428066.49228,1426,20207.0
1618428073.9154608,1427,19611.0
1618428081.5760474,1428,19188.0
1618428111.8296475,1432,18091.0
1618428119.0304222,1433,17903.0
1618428141.5061305,1436,17437.0
1618428171.332769,1440,17548.0
1618428186.1950226,1442,17071.0
1618428291.1609046,1456,16688.0
1618428356.8715193,1465,16633.0
1618428364.0058842,1466,16591.0
1618428441.2400448,1477,19507.0
1618428499.0174305,1485,20758.0
1618428506.1476429,1486,20650.0
1618428527.5474598,1489,19621.0
1618428541.7985702,1491,18799.0
1618428548.9422445,1492,18735.0
1618428606.769984,1500,24678.0
1618428613.7445512,1501,24195.0
1618428621.2944214,1502,23343.0
1618428650.3838863,1506,21118.0
1618428664.6084368,1508,20375.0
1618428679.2119098,1510,19679.0
1618428737.0188854,1518,26832.0
1618428772.859999,1523,21843.0
1618428780.1394708,1524,21789.0
1618428801.7115526,1527,20144.0
1618428851.9732585,1534,18440.0
1618428938.2525976,1546,18438.0
1618428974.0899034,1551,17909.0
1618428981.4397411,1552,18154.0
1618428996.094038,1554,18054.0
1618429003.2315607,1555,17720.0
1618429046.7798676,1561,22061.0
1618429097.499488,1568,19057.0
1618429104.6431189,1569,18856.0
1618429169.8395112,1578,17541.0
1618429199.4757867,1582,17373.0
1618429213.7352657,1584,16904.0
1618429243.1333303,1588,16823.0
1618429308.388405,1597,16462.0
1618429358.7372587,1604,22562.0
1618429365.8595927,1605,22233.0
1618429402.1856234,1610,20434.0
1618429460.2464678,1618,18813.0
1618429474.6094258,1620,18830.0
1618429524.9573908,1627,17964.0
1618429532.069789,1628,18355.0
1618429560.6361728,1632,18000.0
1618429597.2241867,1637,17472.0
1618429618.8827524,1640,17779.0
1618429633.2408953,1642,23731.0
1618429654.8133872,1645,21539.0
1618429676.366221,1648,20161.0
1618429705.0306594,1652,19133.0
1618429763.4946766,1660,17966.0
1618429822.1228256,1668,17341.0
1618429836.9507809,1670,17214.0
1618429851.3702488,1672,26289.0
1618429873.4892302,1675,23669.0
1618429880.6989129,1676,23551.0
1618429926.223546,1682,21222.0
1618429933.3676531,1683,20641.0
1618429993.5041697,1691,18999.0
1618430016.0794072,1694,18671.0
1618430023.4209301,1695,18691.0
1618430030.733526,1696,18511.0
1618430038.0206974,1697,18606.0
1618430053.5039122,1699,18431.0
1618430075.8290155,1702,18121.0
1618430128.1557474,1709,17703.0
1618430135.7586155,1710,17654.0
1618430188.24153,1717,17722.0
1618430195.706696,1718,17390.0
1618430203.1690946,1719,17365.0
1618430269.2751086,1728,20647.0
1618430298.1906488,1732,19719.0
1618430312.5489516,1734,19337.0
1618430319.8699377,1735,18972.0
1618430334.2976036,1737,18771.0
1618430370.7159865,1742,18413.0
1618430377.8960037,1743,18070.0
1618430392.1113095,1745,18118.0
1618430399.5466628,1746,18080.0
1618430406.767845,1747,17994.0
1618430442.4386744,1752,17680.0
1618430543.4177454,1766,20149.0
1618430608.851034,1775,17937.0
1618430652.3908634,1781,17656.0
1618430703.0064418,1788,17118.0
1618430710.519804,1789,17268.0
1618430775.9142072,1798,18599.0
1618430825.6923592,1805,17638.0
1618430883.7930038,1813,17257.0
1618430890.9827337,1814,17117.0
1618430912.8868573,1817,16960.0
1618430964.2931924,1824,16679.0
1618430978.6598496,1826,16702.0
1618431007.5282826,1830,16649.0
1618431080.8152924,1840,16546.0
1618431088.0706666,1841,16486.0
1618431110.1735368,1844,16491.0
1618431146.5840404,1849,16386.0
1618431175.499105,1853,16310.0
1618431269.253327,1866,16202.0
1618431283.571266,1868,16160.0
1618431290.685468,1869,16142.0
1618431333.9315279,1875,16015.0
1618431341.0840783,1876,16073.0
1618431348.130341,1877,16087.0
1618431362.5111158,1879,15952.0
1618431376.893621,1881,15968.0
1618431462.6696658,1893,15917.0
1618431528.2998438,1902,15778.0
1618431557.3891602,1906,15645.0
1618431594.129452,1911,15562.0
1618431638.5714364,1917,15457.0
1618431699.2785313,1923,15617.0
1618431710.968344,1924,15495.0
1618431781.8864958,1930,15496.0
1618431839.237867,1934,15509.0
1618431873.0727377,1936,15389.0
1618431910.4477596,1938,15453.0
1618432035.7903888,1944,15397.0
1618432102.4352953,1947,15356.0
1618432155.3410656,1949,15459.0
1618432231.7723017,1952,15444.0
1618432312.8055525,1955,15215.0
1618432390.4332473,1958,15253.0
1618432437.5061889,1960,15301.0
1618432595.3852515,1967,15231.0
1618432638.3398209,1969,15218.0
1618432881.4330044,1981,15188.0
1618432899.8628917,1982,15198.0
1618432918.57312,1983,15258.0
1618433155.465942,1997,21533.0
1618433215.85645,2001,20594.0
1618433279.0990605,2005,19592.0
1618433341.5478194,2009,18391.0
1618433356.5882385,2010,18477.0
1618433403.0786083,2013,17871.0
1618433432.880037,2015,17698.0
1618433463.562831,2017,17477.0
1618433586.3422358,2025,17120.0
1618433617.0999193,2027,16826.0
1618433662.3720968,2030,16787.0
1618433707.9993632,2033,16554.0
1618433752.191458,2036,16817.0
1618433782.4759424,2038,16692.0
1618433828.1876063,2041,16532.0
1618433875.1874633,2044,16381.0
1618433890.333383,2045,16272.0
1618434118.3077319,2060,16067.0
1618434225.0495858,2067,15947.0
1618434301.0522518,2072,15952.0
1618434316.3000424,2073,16032.0
1618434331.4939115,2074,16021.0
1618434362.0933964,2076,15904.0
1618434377.497862,2077,15970.0
1618434407.5575542,2079,15930.0
1618434439.0256848,2081,15923.0
1618434499.151811,2085,15958.0
1618434560.3042984,2089,15869.0
1618434634.952932,2094,15752.0
1618434664.7563226,2096,15762.0
1618434771.606652,2103,15612.0
1618434801.5502298,2105,15554.0
1618434816.493988,2106,15620.0
1618434861.690652,2109,15589.0
1618434891.7655108,2111,15574.0
1618434952.3342545,2115,15430.0
1618434998.7273607,2118,15484.0
1618435028.5234103,2120,15478.0
1618435058.934624,2122,15485.0
1618435074.0700254,2123,15535.0
1618435228.1561654,2133,15336.0
1618435244.094641,2134,15360.0
1618435304.2449641,2138,15404.0
1618435352.141732,2141,15364.0
1618435402.567804,2144,15353.0
1618435418.1004062,2145,15399.0
1618435463.151762,2148,15293.0
1618435477.7717211,2149,15307.0
1618435507.6554527,2151,15237.0
1618435591.1013513,2156,15147.0
1618435611.0714211,2157,15241.0
1618435732.4505372,2164,15120.0
1618435748.962266,2165,15172.0
1618435820.5031214,2169,15214.0
1618435855.2789967,2171,15046.0
1618435890.3062122,2173,15037.0
1618435960.7638702,2177,14982.0
1618436135.536769,2187,15011.0
1618436170.7145438,2189,14884.0
1618436204.852215,2191,14938.0
1618436222.1622438,2192,14946.0
1618436294.6890612,2196,14933.0
1618436346.813616,2199,14941.0
1618436478.9655273,2207,14970.0
1618436538.9499257,2211,14831.0
1618436583.852337,2214,14846.0
1618436752.322388,2225,14776.0
1618436812.3913007,2229,14737.0
1618436842.2967503,2231,14733.0
1618436887.435705,2234,14672.0
1618436917.080988,2236,14665.0
1618436933.9639137,2237,14697.0
1618436965.8221402,2239,14679.0
1618436995.7580395,2241,14634.0
1618437011.6148946,2242,14612.0
1618437041.8016856,2244,14603.0
1618437072.7751374,2246,14585.0
1618437087.631284,2247,14523.0
1618437147.010465,2251,14505.0
1618437161.0685596,2252,14530.0
1618437191.8854797,2254,14495.0
1618437236.5392737,2257,14501.0
1618437311.6510613,2262,14491.0
1618437493.3879068,2274,14491.0
1618437552.9200995,2278,14420.0
1618437598.135711,2281,14414.0
1618437749.2279513,2291,14386.0
1618437833.9599135,2297,14334.0
1618437848.5787039,2298,14355.0
1618437877.1993806,2300,14315.0
1618437918.641895,2303,14337.0
1618437958.7650647,2306,14285.0
1618437971.6226406,2307,14322.0
1618437984.5126343,2308,14306.0
1618438124.3777807,2318,14276.0
1618438137.5210378,2319,14242.0
1618438151.6673412,2320,14216.0
1618438178.7343628,2322,14254.0
1618438323.6848016,2334,14183.0
1618438334.652353,2335,14234.0
1618438345.8951995,2336,14205.0
1618438356.4230611,2337,14209.0
1618438430.7008338,2345,14315.0
1618438508.8215315,2354,14212.0
1618438545.1813312,2359,14224.0
1618438602.5320494,2367,14144.0
1618438609.6212146,2368,14121.0
1618438631.2382908,2371,14137.0
1618438710.580106,2382,14072.0
1618438732.0289884,2385,14094.0
1618438753.5327885,2388,14083.0
1618438760.7834158,2389,14062.0
1618438768.065707,2390,14050.0
1618438782.2532685,2392,14029.0
1618438840.3621836,2400,13995.0
1618438854.9247491,2402,13988.0
1618438869.3021655,2404,13974.0
1618438883.8234289,2406,13984.0
1618438956.3884609,2416,13939.0
1618439013.9253519,2424,13956.0
1618439021.32329,2425,13953.0
1618439057.3847504,2430,13900.0
1618439100.391624,2436,13872.0
1618439157.6326284,2444,13877.0
1618439200.6915786,2450,13852.0
1618439207.829581,2451,13859.0
1618439215.1076033,2452,13855.0
1618439222.4552088,2453,13866.0
1618439236.6252131,2455,13843.0
1618439272.915362,2460,13808.0
1618439409.4965274,2479,13764.0
1618439424.0209696,2481,13747.0
1618439452.840041,2485,13724.0
1618439460.0054026,2486,13737.0
1618439532.2069304,2496,13697.0
1618439546.5946698,2498,13708.0
1618439568.0428522,2501,13694.0
1618439575.653839,2502,13694.0
1618439582.8255699,2503,13721.0
1618439655.1636255,2513,13704.0
1618439662.3181486,2514,13685.0
1618439684.1280081,2517,13647.0
1618439698.5276058,2519,13640.0
1618439727.3088782,2523,13649.0
1618439741.9060488,2525,13640.0
1618439763.480473,2528,13631.0
1618439777.9181037,2530,13613.0
1618439792.315491,2532,13610.0
1618439807.055951,2534,13617.0
1618439872.6506047,2543,13556.0
1618439901.3259914,2547,13558.0
1618439930.3017719,2551,13559.0
1618439944.7673988,2553,13532.0
1618439966.6871178,2556,13527.0
1618439988.471671,2559,13542.0
1618440031.7045112,2565,13527.0
1618440038.8997126,2566,13521.0
1618440067.3643928,2570,13494.0
1618440088.9323041,2573,13502.0
1618440110.3233848,2576,13478.0
1618440124.5861082,2578,13481.0
1618440160.7386916,2583,13468.0
1618440189.5001173,2587,13441.0
1618440211.059933,2590,13461.0
1618440218.3106053,2591,13449.0
1618440225.4804091,2592,13466.0
1618440232.571594,2593,13451.0
1618440254.0655715,2596,13480.0
1618440282.823413,2600,13441.0
1618440325.925348,2606,13414.0
1618440333.2784803,2607,13403.0
1618440354.6844435,2610,13406.0
1618440412.3443909,2618,13388.0
1618440448.6392176,2623,13366.0
1618440470.1765654,2626,13390.0
1618440491.4920948,2629,13398.0
1618440498.7666955,2630,13397.0
1618440512.9750807,2632,13379.0
1618440534.5871534,2635,13365.0
1618440541.6207285,2636,13370.0
1618440555.9740431,2638,13347.0
1618440598.893738,2644,13334.0
1618440620.4936197,2647,13334.0
1618440642.160453,2650,13349.0
1618440649.4457846,2651,13327.0
1618440678.1960084,2655,13314.0
1618440721.2627697,2661,13308.0
1618440815.4120088,2674,13292.0
1618440844.3455195,2678,13277.0
1618440859.042964,2680,13288.0
1618440895.0652416,2685,13275.0
1618440931.6490777,2690,13258.0
1618440996.7083726,2699,13251.0
1618441025.8424172,2703,13248.0
1618441055.0662107,2707,13238.0
1618441076.6545007,2710,13239.0
1618441184.5678399,2725,13220.0
1618441256.434549,2735,13211.0
1618441263.6150267,2736,13191.0
1618441270.8616176,2737,13195.0
1618441292.2078495,2740,13195.0
1618441335.1835754,2746,13186.0
1618441378.216363,2752,13184.0
1618441385.4205048,2753,13182.0
1618441392.5042212,2754,13189.0
1618441399.634004,2755,13186.0
1618441406.6501617,2756,13195.0
1618441414.002968,2757,13190.0
1618441421.1441772,2758,13188.0
1618441478.3907022,2766,13179.0
1618441643.8297772,2789,13149.0
1618441650.9168186,2790,13148.0
1618441658.0918927,2791,13146.0
1618441708.2681868,2798,13133.0
1618441787.831617,2809,13111.0
1618441802.4769187,2811,13114.0
1618441831.5679233,2815,13101.0
1618441888.918052,2823,13101.0
1618441896.275243,2824,13104.0
1618441917.7893515,2827,13107.0
1618441932.179806,2829,13098.0
1618441939.2780287,2830,13093.0
1618441953.683869,2832,13095.0
1618442090.9445848,2851,13087.0
1618442127.0690207,2856,13076.0
1618442148.6821015,2859,13080.0
1618442170.2870505,2862,13073.0
1618442235.0786386,2871,13068.0
1618442242.1327715,2872,13067.0
1618442285.0854905,2878,13065.0
1618442299.4049695,2880,13066.0
1618442306.4755754,2881,13066.0
1618442349.6496549,2887,13055.0
1618442371.3926768,2890,13057.0
1618442378.743759,2891,13060.0
1618442414.7850642,2896,13053.0
1618442429.2401266,2898,13052.0
1618442443.578691,2900,13049.0
1618442465.0533683,2903,13048.0
1618442472.1796453,2904,13051.0
1618442529.9148278,2912,13045.0
1618442566.065263,2917,13047.0
1618442580.4012153,2919,13045.0
1618442587.5686502,2920,13045.0
1618442594.7737715,2921,13045.0
1618442674.4769518,2932,13035.0
1618442746.693166,2942,13034.0
1618442805.067836,2950,13022.0
1618442927.7756836,2967,13010.0
1618442964.144437,2972,13006.0
1618442978.8042548,2974,13005.0
1618442985.8529413,2975,13004.0
1618443007.4648921,2978,13005.0
1618443079.8514385,2988,13002.0
1618443123.669415,2994,13003.0
1618443152.7880125,2998,13001.0
1618443188.9738746,3003,13001.0
1618443203.4360995,3005,12999.0
1618443218.167119,3007,12996.0
1618443232.4192567,3009,12995.0
1618443247.2077782,3011,12996.0
1618443276.4380734,3015,12994.0
1618443283.7479625,3016,12995.0
1618443305.2428684,3019,12997.0
1618443312.7494726,3020,12995.0
1618443319.9418626,3021,12995.0
1618443348.8939748,3025,12995.0
1618443363.5148911,3027,12994.0
1618443385.1692278,3030,12994.0
1618443392.5573936,3031,12994.0
1618443406.818874,3033,12993.0
1618443442.9417098,3038,12991.0
1618443457.360489,3040,12991.0
1618443464.5308306,3041,12992.0
1618443471.6297324,3042,12991.0
1618443514.7814443,3048,12990.0
1618443529.0670178,3050,12989.0
1618443550.9147718,3053,12987.0
1618443616.4229705,3062,12982.0
1618443638.3838656,3065,12982.0
1618443652.6918988,3067,12983.0
1618443667.42482,3069,12983.0
1618443681.9572232,3071,12982.0
1618443696.2807038,3073,12982.0
1618443762.0506637,3082,12984.0
1618443791.1561627,3086,12984.0
1618443805.68156,3088,12983.0
1618443827.3252366,3091,12982.0
1618443885.2326546,3099,12977.0
1618443914.136524,3103,12977.0
1618443943.2969954,3107,12978.0
1618443986.8447776,3113,12975.0
1618444037.810315,3120,12974.0
1618444052.1725693,3122,12973.0
1618444087.8422425,3127,12972.0
1618444138.1073954,3134,12970.0
1618444159.729484,3137,12969.0
1618444167.073879,3138,12969.0
1618444203.2623322,3143,12969.0
1618444210.3434424,3144,12969.0
1618444217.7208924,3145,12967.0
1618444232.4639382,3147,12967.0
1618444254.0061345,3150,12966.0
1618444290.3815684,3155,12965.0
1618444312.3821998,3158,12964.0
1618444319.4548056,3159,12963.0
1618444333.877909,3161,12964.0
1618444377.3148808,3167,12963.0
1618444449.6630642,3177,12959.0
1618444500.5816712,3184,12958.0
1618444522.5610065,3187,12959.0
1618444529.8888333,3188,12958.0
1618444581.223333,3195,12955.0
1618444588.3064842,3196,12954.0
1618444595.4229813,3197,12954.0
1618444602.5868247,3198,12954.0
1618444639.2958817,3203,12953.0
1618444660.907182,3206,12952.0
1618444834.0022876,3230,12948.0
1618444855.3040218,3233,12948.0
1618444869.4775543,3235,12949.0
1618444905.4821894,3240,12947.0
1618444926.9699845,3243,12946.0
1618444934.5224948,3244,12946.0
1618444948.7961948,3246,12946.0
1618444956.0857651,3247,12946.0
1618445006.2321393,3254,12947.0
1618445020.5747921,3256,12947.0
1618445034.8869426,3258,12946.0
1618445099.6362238,3267,12943.0
1618445135.8165104,3272,12943.0
1618445142.8992083,3273,12943.0
1618445186.3982747,3279,12943.0
1618445200.8421707,3281,12942.0
1618445215.1721613,3283,12942.0
1618445229.376851,3285,12942.0
1618445258.2456915,3289,12940.0
1618445279.6426766,3292,12940.0
1618445308.2919633,3296,12940.0
1618445372.6902354,3305,12938.0
1618445379.987627,3306,12938.0
1618445387.1749287,3307,12938.0
1618445430.717398,3313,12937.0
1618445488.3782532,3321,12937.0
1618445517.2955043,3325,12937.0
1618445531.9406712,3327,12937.0
1618445539.277946,3328,12937.0
1618445546.7838206,3329,12937.0
1618445575.7524917,3333,12935.0
1618445611.5497348,3338,12935.0
1618445662.3890858,3345,12933.0
1618445727.0335677,3353,12932.0
1618445755.7775905,3357,12932.0
1618445784.7729204,3361,12932.0
1618445799.4531345,3363,12932.0
1618445842.4813206,3369,12932.0
1618445864.55216,3372,12932.0
1618445879.272561,3374,12932.0
1618445893.3950841,3376,12932.0
1618445907.9238276,3378,12932.0
1618445929.0734444,3381,12932.0
1618445943.241381,3383,12932.0
1618445964.8961477,3386,12932.0
1618445993.3524935,3390,12932.0
1618446007.6875765,3392,12932.0
1618446049.9206185,3398,12932.0
1618446084.9267955,3403,12932.0
1618446092.0498102,3404,12932.0
1618446120.895585,3408,12932.0
1618446178.9723585,3415,12932.0
1618446268.7721062,3426,12930.0
1618446293.8310533,3429,12930.0
1618446301.770191,3430,12930.0
1618446325.4794545,3433,12930.0
1618446366.4082057,3438,12928.0
1618446412.0560014,3444,12928.0
1618446419.4546669,3445,12928.0
1618446448.1509476,3449,12928.0
1618446462.7156715,3451,12927.0
1618446505.890253,3457,12927.0
1618446513.1995182,3458,12927.0
1618446527.4687676,3460,12927.0
1618446556.646841,3464,12927.0
1618446607.0228522,3471,12927.0
1618446650.275495,3477,12927.0
1618446671.841059,3480,12927.0
1618446715.0249894,3486,12927.0
1618446772.5506308,3494,12927.0
1618446794.4819548,3497,12927.0
1618446809.023941,3499,12927.0
1618446816.1937404,3500,12927.0
1618446851.997255,3505,12927.0
1618446859.4377663,3506,12927.0
1618446880.7247722,3509,12927.0
1618446895.269707,3511,12927.0
1618446902.3217397,3512,12927.0
1618446916.6733007,3514,12927.0
1618446952.6338236,3519,12927.0
1618447024.66516,3529,12927.0
1618447067.7535954,3535,12927.0
1618447081.98971,3537,12926.0
1618447089.377421,3538,12926.0
1618447117.9774508,3542,12926.0
1618447125.1532784,3543,12926.0
1618447153.5017717,3547,12926.0
1618447167.7541108,3549,12926.0
1618447210.6141245,3555,12926.0
1618447217.7889426,3556,12926.0
1618447239.4314337,3559,12926.0
1618447268.4430964,3563,12926.0
1618447355.160553,3575,12925.0
1618447390.7535229,3580,12925.0
1618447398.1813257,3581,12925.0
1618447412.4956312,3583,12925.0
1618447477.5961938,3592,12925.0
1618447484.794993,3593,12925.0
1618447527.8059947,3599,12925.0
1618447535.1151454,3600,12925.0
1618447549.675717,3602,12925.0
1618447636.7781603,3614,12925.0
1618447665.7055507,3618,12925.0
1618447680.0227072,3620,12925.0
1618447694.6260152,3622,12925.0
1618447715.735344,3625,12925.0
1618447736.7805884,3628,12925.0
1618447801.1945572,3637,12925.0
1618447844.7716842,3643,12925.0
1618447859.3740969,3645,12925.0
1618447938.7561321,3656,12925.0
1618447946.205782,3657,12925.0
1618447989.3959095,3663,12925.0
1618448039.7972152,3670,12925.0
1618448211.4538321,3694,12925.0
1618448218.7345233,3695,12925.0
1618448233.3297105,3697,12925.0
1618448254.8992481,3700,12925.0
1618448269.2387724,3702,12925.0
1618448420.0445945,3723,12925.0
1618448441.952818,3726,12925.0
1618448470.6611428,3730,12925.0
1618448477.7990234,3731,12925.0
1618448484.8882847,3732,12925.0
1618448499.1566353,3734,12925.0
1618448527.9331584,3738,12925.0
1618448549.484424,3741,12925.0
1618448563.7293897,3743,12925.0
1618448577.8825715,3745,12925.0
1618448627.9212868,3752,12925.0
1618448649.5964868,3755,12925.0
1618448656.7584803,3756,12925.0
1618448678.4857566,3759,12925.0
1618448714.5429018,3764,12925.0
1618448772.2375064,3772,12925.0
1618448801.2028012,3776,12925.0
1618448815.7028556,3778,12925.0
1618448829.929932,3780,12925.0
1618448836.9096596,3781,12925.0
1618448879.7652733,3787,12925.0
1618448908.6252337,3791,12925.0
1618448923.0450459,3793,12925.0
1618448937.2664764,3795,12925.0
1618448958.6041572,3798,12925.0
1618449023.182498,3807,12925.0
1618449037.6368074,3809,12925.0
1618449044.7143145,3810,12925.0
1618449073.7134385,3814,12925.0
1618449109.7949233,3819,12925.0
1618449124.3269775,3821,12925.0
1618449196.1943376,3831,12925.0
1618449210.6922374,3833,12925.0
1618449225.187048,3835,12925.0
1618449319.283028,3848,12925.0
1618449348.2425606,3852,12925.0
1618449362.5502684,3854,12925.0
1618449434.0834863,3864,12925.0
1618449469.9412024,3869,12925.0
1618449520.2602816,3876,12925.0
1618449542.3115973,3879,12925.0
1618449556.8885627,3881,12925.0
1618449600.0583477,3887,12925.0
1618449650.3858595,3894,12925.0
1618449700.967301,3901,12925.0
1618449708.1875184,3902,12925.0
1618449715.346573,3903,12925.0
1618449729.6059577,3905,12925.0
1618449751.2541852,3908,12925.0
1618449765.7664201,3910,12925.0
1618449809.1301408,3916,12925.0
1618449838.156138,3920,12925.0
1618449845.242922,3921,12925.0
1618449888.183421,3927,12925.0
1618449895.3056626,3928,12925.0
1618449902.3463945,3929,12925.0
1618449938.3810666,3934,12925.0
1618449945.3252645,3935,12925.0
1618449974.3530865,3939,12925.0
1618450053.5125234,3950,12925.0
1618450096.2285128,3956,12925.0
1618450124.78253,3960,12925.0
1618450139.313692,3962,12925.0
1618450160.787152,3965,12925.0
1618450175.2081668,3967,12925.0
1618450218.5366197,3973,12925.0
1618450240.4450037,3976,12925.0
1618450269.5525763,3980,12925.0
1618450298.1796305,3984,12925.0
1618450312.478012,3986,12925.0
1618450334.0038579,3989,12925.0
1618450348.0705042,3991,12925.0
1618450376.8618674,3995,12925.0
1618450391.446202,3997,12925.0
1618450405.6825213,3999,12925.0
